video,object,frame_idx,event,image_path,scale,mask_area_px,verdict
sav_000262,001,200,1,results/sav_llm_gate30/sav_000262/001/event1_frame200.jpg,0.8,0,DENY
sav_000262,001,201,2,results/sav_llm_gate30/sav_000262/001/event2_frame201.jpg,0.8,0,DENY
sav_000262,001,202,3,results/sav_llm_gate30/sav_000262/001/event3_frame202.jpg,0.8,0,DENY
sav_001877,000,42,1,results/sav_llm_gate30/sav_001877/000/event1_frame42.jpg,0.8,0,DENY
sav_001877,000,43,2,results/sav_llm_gate30/sav_001877/000/event2_frame43.jpg,0.8,0,DENY
sav_001877,000,44,3,results/sav_llm_gate30/sav_001877/000/event3_frame44.jpg,0.8,0,DENY
sav_001877,001,39,1,results/sav_llm_gate30/sav_001877/001/event1_frame39.jpg,0.8,0,DENY
sav_001877,001,40,2,results/sav_llm_gate30/sav_001877/001/event2_frame40.jpg,0.8,0,DENY
sav_001877,001,41,3,results/sav_llm_gate30/sav_001877/001/event3_frame41.jpg,0.8,0,DENY
sav_010291,000,235,1,results/sav_llm_gate30/sav_010291/000/event1_frame235.jpg,0.8,0,CONFIRM
sav_010291,000,242,2,results/sav_llm_gate30/sav_010291/000/event2_frame242.jpg,0.8,0,CONFIRM
sav_014613,001,27,1,results/sav_llm_gate30/sav_014613/001/event1_frame27.jpg,0.5333333333333333,0,DENY
sav_014613,001,30,2,results/sav_llm_gate30/sav_014613/001/event2_frame30.jpg,0.5333333333333333,0,DENY
sav_014613,001,31,3,results/sav_llm_gate30/sav_014613/001/event3_frame31.jpg,0.5333333333333333,0,DENY
sav_014662,000,87,1,results/sav_llm_gate30/sav_014662/000/event1_frame87.jpg,1.0,0,DENY
sav_014662,000,88,2,results/sav_llm_gate30/sav_014662/000/event2_frame88.jpg,1.0,0,DENY
sav_014662,000,90,3,results/sav_llm_gate30/sav_014662/000/event3_frame90.jpg,1.0,0,DENY
sav_014969,002,7,1,results/sav_llm_gate30/sav_014969/002/event1_frame7.jpg,0.8,0,DENY
sav_014969,002,8,2,results/sav_llm_gate30/sav_014969/002/event2_frame8.jpg,0.8,0,DENY
sav_014969,002,9,3,results/sav_llm_gate30/sav_014969/002/event3_frame9.jpg,0.8,0,DENY
sav_017083,000,120,1,results/sav_llm_gate30/sav_017083/000/event1_frame120.jpg,1.0,0,CONFIRM
sav_017083,000,121,2,results/sav_llm_gate30/sav_017083/000/event2_frame121.jpg,1.0,0,CONFIRM
sav_017083,000,122,3,results/sav_llm_gate30/sav_017083/000/event3_frame122.jpg,1.0,0,CONFIRM
sav_018912,001,112,1,results/sav_llm_gate30/sav_018912/001/event1_frame112.jpg,1.0,0,DENY
sav_018912,001,115,2,results/sav_llm_gate30/sav_018912/001/event2_frame115.jpg,1.0,0,DENY
sav_018912,001,120,3,results/sav_llm_gate30/sav_018912/001/event3_frame120.jpg,1.0,0,DENY
sav_022396,000,78,1,results/sav_llm_gate30/sav_022396/000/event1_frame78.jpg,0.8,0,DENY
sav_022396,000,80,2,results/sav_llm_gate30/sav_022396/000/event2_frame80.jpg,0.8,0,DENY
sav_022396,000,81,3,results/sav_llm_gate30/sav_022396/000/event3_frame81.jpg,0.8,0,DENY
sav_024098,000,39,1,results/sav_llm_gate30/sav_024098/000/event1_frame39.jpg,0.8,0,DENY
sav_024098,000,40,2,results/sav_llm_gate30/sav_024098/000/event2_frame40.jpg,0.8,0,DENY
sav_024098,000,41,3,results/sav_llm_gate30/sav_024098/000/event3_frame41.jpg,0.8,0,DENY
sav_024098,001,37,1,results/sav_llm_gate30/sav_024098/001/event1_frame37.jpg,0.8,0,DENY
sav_024098,001,38,2,results/sav_llm_gate30/sav_024098/001/event2_frame38.jpg,0.8,0,DENY
sav_024098,001,39,3,results/sav_llm_gate30/sav_024098/001/event3_frame39.jpg,0.8,0,DENY
sav_024172,000,20,1,results/sav_llm_gate30/sav_024172/000/event1_frame20.jpg,1.0,0,CONFIRM
sav_024172,000,21,2,results/sav_llm_gate30/sav_024172/000/event2_frame21.jpg,1.0,0,CONFIRM
sav_024172,000,22,3,results/sav_llm_gate30/sav_024172/000/event3_frame22.jpg,1.0,0,CONFIRM
sav_024930,002,17,1,results/sav_llm_gate30/sav_024930/002/event1_frame17.jpg,1.0,0,DENY
sav_024930,002,18,2,results/sav_llm_gate30/sav_024930/002/event2_frame18.jpg,1.0,0,DENY
sav_024930,002,19,3,results/sav_llm_gate30/sav_024930/002/event3_frame19.jpg,1.0,0,DENY
sav_029519,000,31,1,results/sav_llm_gate30/sav_029519/000/event1_frame31.jpg,1.0,0,DENY
sav_035009,001,41,1,results/sav_llm_gate30/sav_035009/001/event1_frame41.jpg,1.0,0,DENY
sav_035009,001,42,2,results/sav_llm_gate30/sav_035009/001/event2_frame42.jpg,1.0,0,DENY
sav_035009,001,340,3,results/sav_llm_gate30/sav_035009/001/event3_frame340.jpg,1.0,0,DENY
sav_035221,000,57,1,results/sav_llm_gate30/sav_035221/000/event1_frame57.jpg,1.0,0,CONFIRM
sav_035221,000,58,2,results/sav_llm_gate30/sav_035221/000/event2_frame58.jpg,1.0,0,CONFIRM
sav_035221,000,59,3,results/sav_llm_gate30/sav_035221/000/event3_frame59.jpg,1.0,0,CONFIRM
sav_035221,001,40,1,results/sav_llm_gate30/sav_035221/001/event1_frame40.jpg,1.0,0,CONFIRM
sav_035221,001,41,2,results/sav_llm_gate30/sav_035221/001/event2_frame41.jpg,1.0,0,CONFIRM
sav_035221,001,42,3,results/sav_llm_gate30/sav_035221/001/event3_frame42.jpg,1.0,0,CONFIRM
sav_036849,000,81,1,results/sav_llm_gate30/sav_036849/000/event1_frame81.jpg,1.0,0,DENY
sav_036849,000,83,2,results/sav_llm_gate30/sav_036849/000/event2_frame83.jpg,1.0,0,DENY
sav_036849,000,84,3,results/sav_llm_gate30/sav_036849/000/event3_frame84.jpg,1.0,0,DENY
sav_041629,000,121,1,results/sav_llm_gate30/sav_041629/000/event1_frame121.jpg,1.0,0,DENY
sav_041629,000,123,2,results/sav_llm_gate30/sav_041629/000/event2_frame123.jpg,1.0,0,DENY
sav_041629,000,124,3,results/sav_llm_gate30/sav_041629/000/event3_frame124.jpg,1.0,0,DENY
sav_043117,000,171,1,results/sav_llm_gate30/sav_043117/000/event1_frame171.jpg,0.8,0,DENY
sav_043117,000,172,2,results/sav_llm_gate30/sav_043117/000/event2_frame172.jpg,0.8,0,DENY
sav_043117,000,173,3,results/sav_llm_gate30/sav_043117/000/event3_frame173.jpg,0.8,0,DENY
sav_044945,001,56,1,results/sav_llm_gate30/sav_044945/001/event1_frame56.jpg,1.0,0,DENY
sav_044945,001,57,2,results/sav_llm_gate30/sav_044945/001/event2_frame57.jpg,1.0,0,DENY
sav_044945,001,58,3,results/sav_llm_gate30/sav_044945/001/event3_frame58.jpg,1.0,0,DENY
sav_045606,003,98,1,results/sav_llm_gate30/sav_045606/003/event1_frame98.jpg,0.8,0,CONFIRM
sav_045606,003,102,2,results/sav_llm_gate30/sav_045606/003/event2_frame102.jpg,0.8,0,CONFIRM
sav_045606,003,103,3,results/sav_llm_gate30/sav_045606/003/event3_frame103.jpg,0.8,0,CONFIRM
sav_045706,000,26,1,results/sav_llm_gate30/sav_045706/000/event1_frame26.jpg,0.5333333333333333,0,DENY
sav_045706,000,27,2,results/sav_llm_gate30/sav_045706/000/event2_frame27.jpg,0.5333333333333333,0,DENY
sav_045706,000,28,3,results/sav_llm_gate30/sav_045706/000/event3_frame28.jpg,0.5333333333333333,0,DENY
sav_047467,002,90,1,results/sav_llm_gate30/sav_047467/002/event1_frame90.jpg,1.0,0,CONFIRM
sav_047467,002,91,2,results/sav_llm_gate30/sav_047467/002/event2_frame91.jpg,1.0,0,CONFIRM
sav_047467,002,92,3,results/sav_llm_gate30/sav_047467/002/event3_frame92.jpg,1.0,0,CONFIRM
sav_049199,000,118,1,results/sav_llm_gate30/sav_049199/000/event1_frame118.jpg,1.0,0,CONFIRM
sav_049199,000,120,2,results/sav_llm_gate30/sav_049199/000/event2_frame120.jpg,1.0,0,CONFIRM
sav_049199,000,127,3,results/sav_llm_gate30/sav_049199/000/event3_frame127.jpg,1.0,0,CONFIRM
sav_050687,000,91,1,results/sav_llm_gate30/sav_050687/000/event1_frame91.jpg,1.0,0,DENY
sav_050687,000,92,2,results/sav_llm_gate30/sav_050687/000/event2_frame92.jpg,1.0,0,DENY
sav_050687,000,93,3,results/sav_llm_gate30/sav_050687/000/event3_frame93.jpg,1.0,0,DENY
sav_051039,001,37,1,results/sav_llm_gate30/sav_051039/001/event1_frame37.jpg,0.5333333333333333,0,DENY
sav_051039,001,38,2,results/sav_llm_gate30/sav_051039/001/event2_frame38.jpg,0.5333333333333333,0,DENY
sav_051039,001,39,3,results/sav_llm_gate30/sav_051039/001/event3_frame39.jpg,0.5333333333333333,0,DENY
