video,object,frame_idx,event,image_path,scale,mask_area_px,verdict
sav_014969,002,7,1,results/sav_llm_gate/sav_014969/002/event1_frame7.jpg,0.8,0,DENY
sav_014969,002,8,2,results/sav_llm_gate/sav_014969/002/event2_frame8.jpg,0.8,0,DENY
sav_014969,002,9,3,results/sav_llm_gate/sav_014969/002/event3_frame9.jpg,0.8,0,DENY
sav_022396,000,78,1,results/sav_llm_gate/sav_022396/000/event1_frame78.jpg,0.8,0,DENY
sav_022396,000,80,2,results/sav_llm_gate/sav_022396/000/event2_frame80.jpg,0.8,0,DENY
sav_022396,000,81,3,results/sav_llm_gate/sav_022396/000/event3_frame81.jpg,0.8,0,DENY
sav_024172,000,20,1,results/sav_llm_gate/sav_024172/000/event1_frame20.jpg,1.0,0,CONFIRM
sav_024172,000,21,2,results/sav_llm_gate/sav_024172/000/event2_frame21.jpg,1.0,0,CONFIRM
sav_024172,000,22,3,results/sav_llm_gate/sav_024172/000/event3_frame22.jpg,1.0,0,CONFIRM
sav_035009,001,41,1,results/sav_llm_gate/sav_035009/001/event1_frame41.jpg,1.0,0,DENY
sav_035009,001,42,2,results/sav_llm_gate/sav_035009/001/event2_frame42.jpg,1.0,0,DENY
sav_035009,001,340,3,results/sav_llm_gate/sav_035009/001/event3_frame340.jpg,1.0,0,DENY
sav_051039,001,37,1,results/sav_llm_gate/sav_051039/001/event1_frame37.jpg,0.5333333333333333,0,DENY
sav_051039,001,38,2,results/sav_llm_gate/sav_051039/001/event2_frame38.jpg,0.5333333333333333,0,DENY
sav_051039,001,39,3,results/sav_llm_gate/sav_051039/001/event3_frame39.jpg,0.5333333333333333,0,DENY
sav_010291,000,235,1,results/sav_llm_gate/sav_010291/000/event1_frame235.jpg,0.8,0,CONFIRM
sav_010291,000,242,2,results/sav_llm_gate/sav_010291/000/event2_frame242.jpg,0.8,0,CONFIRM
