video,object,frame_idx,event,image_path,model_idx,continuity_idx,llm_idx
sav_000262,001,8,1,results/sav_llm_select/sav_000262/001/event1_frame8.jpg,2,0,
sav_000262,001,20,2,results/sav_llm_select/sav_000262/001/event2_frame20.jpg,2,1,
sav_001877,000,16,1,results/sav_llm_select/sav_001877/000/event1_frame16.jpg,2,1,
sav_001877,000,20,2,results/sav_llm_select/sav_001877/000/event2_frame20.jpg,2,1,
sav_001877,001,4,1,results/sav_llm_select/sav_001877/001/event1_frame4.jpg,2,0,
sav_001877,001,12,2,results/sav_llm_select/sav_001877/001/event2_frame12.jpg,2,0,
sav_010291,000,4,1,results/sav_llm_select/sav_010291/000/event1_frame4.jpg,2,1,
sav_010291,000,8,2,results/sav_llm_select/sav_010291/000/event2_frame8.jpg,2,0,
sav_014613,001,16,1,results/sav_llm_select/sav_014613/001/event1_frame16.jpg,2,0,
sav_014613,001,24,2,results/sav_llm_select/sav_014613/001/event2_frame24.jpg,2,0,
sav_014662,000,16,1,results/sav_llm_select/sav_014662/000/event1_frame16.jpg,1,2,
sav_014662,000,20,2,results/sav_llm_select/sav_014662/000/event2_frame20.jpg,1,0,
sav_014969,002,4,1,results/sav_llm_select/sav_014969/002/event1_frame4.jpg,2,1,
sav_014969,002,8,2,results/sav_llm_select/sav_014969/002/event2_frame8.jpg,2,1,
sav_017083,000,4,1,results/sav_llm_select/sav_017083/000/event1_frame4.jpg,2,1,
sav_017083,000,12,2,results/sav_llm_select/sav_017083/000/event2_frame12.jpg,2,0,
sav_018912,001,4,1,results/sav_llm_select/sav_018912/001/event1_frame4.jpg,2,0,
sav_018912,001,8,2,results/sav_llm_select/sav_018912/001/event2_frame8.jpg,2,0,
sav_022396,000,4,1,results/sav_llm_select/sav_022396/000/event1_frame4.jpg,2,0,
sav_022396,000,8,2,results/sav_llm_select/sav_022396/000/event2_frame8.jpg,2,0,
sav_024098,000,4,1,results/sav_llm_select/sav_024098/000/event1_frame4.jpg,0,2,
sav_024098,000,12,2,results/sav_llm_select/sav_024098/000/event2_frame12.jpg,2,0,
sav_024098,001,4,1,results/sav_llm_select/sav_024098/001/event1_frame4.jpg,2,1,
sav_024098,001,8,2,results/sav_llm_select/sav_024098/001/event2_frame8.jpg,2,0,
sav_024172,000,4,1,results/sav_llm_select/sav_024172/000/event1_frame4.jpg,2,0,
sav_024172,000,8,2,results/sav_llm_select/sav_024172/000/event2_frame8.jpg,2,1,
sav_024930,002,4,1,results/sav_llm_select/sav_024930/002/event1_frame4.jpg,0,2,
sav_024930,002,8,2,results/sav_llm_select/sav_024930/002/event2_frame8.jpg,2,0,
sav_029519,000,4,1,results/sav_llm_select/sav_029519/000/event1_frame4.jpg,2,1,
sav_029519,000,8,2,results/sav_llm_select/sav_029519/000/event2_frame8.jpg,2,1,
sav_035009,001,44,1,results/sav_llm_select/sav_035009/001/event1_frame44.jpg,2,0,
sav_035009,001,52,2,results/sav_llm_select/sav_035009/001/event2_frame52.jpg,2,1,
sav_035221,000,8,1,results/sav_llm_select/sav_035221/000/event1_frame8.jpg,2,1,
sav_035221,000,12,2,results/sav_llm_select/sav_035221/000/event2_frame12.jpg,2,1,
sav_035221,001,4,1,results/sav_llm_select/sav_035221/001/event1_frame4.jpg,2,1,
sav_035221,001,12,2,results/sav_llm_select/sav_035221/001/event2_frame12.jpg,2,1,
sav_036849,000,4,1,results/sav_llm_select/sav_036849/000/event1_frame4.jpg,2,0,
sav_036849,000,20,2,results/sav_llm_select/sav_036849/000/event2_frame20.jpg,0,2,
sav_041629,000,4,1,results/sav_llm_select/sav_041629/000/event1_frame4.jpg,2,1,
sav_041629,000,16,2,results/sav_llm_select/sav_041629/000/event2_frame16.jpg,2,1,
sav_043117,000,4,1,results/sav_llm_select/sav_043117/000/event1_frame4.jpg,0,1,
sav_043117,000,8,2,results/sav_llm_select/sav_043117/000/event2_frame8.jpg,2,1,
sav_043837,000,8,1,results/sav_llm_select/sav_043837/000/event1_frame8.jpg,2,0,
sav_043837,000,20,2,results/sav_llm_select/sav_043837/000/event2_frame20.jpg,2,0,
sav_044945,001,4,1,results/sav_llm_select/sav_044945/001/event1_frame4.jpg,2,0,
sav_044945,001,8,2,results/sav_llm_select/sav_044945/001/event2_frame8.jpg,2,0,
sav_045606,003,12,1,results/sav_llm_select/sav_045606/003/event1_frame12.jpg,0,1,
sav_045606,003,16,2,results/sav_llm_select/sav_045606/003/event2_frame16.jpg,2,1,
sav_045706,000,4,1,results/sav_llm_select/sav_045706/000/event1_frame4.jpg,2,1,
sav_045706,000,12,2,results/sav_llm_select/sav_045706/000/event2_frame12.jpg,0,2,
sav_047467,002,68,1,results/sav_llm_select/sav_047467/002/event1_frame68.jpg,0,2,
sav_047467,002,92,2,results/sav_llm_select/sav_047467/002/event2_frame92.jpg,2,0,
sav_049199,000,4,1,results/sav_llm_select/sav_049199/000/event1_frame4.jpg,2,0,
sav_049199,000,12,2,results/sav_llm_select/sav_049199/000/event2_frame12.jpg,2,0,
sav_050687,000,40,1,results/sav_llm_select/sav_050687/000/event1_frame40.jpg,2,0,
sav_050687,000,92,2,results/sav_llm_select/sav_050687/000/event2_frame92.jpg,2,0,
sav_051039,001,4,1,results/sav_llm_select/sav_051039/001/event1_frame4.jpg,2,1,
sav_051039,001,8,2,results/sav_llm_select/sav_051039/001/event2_frame8.jpg,2,1,
sav_052955,000,4,1,results/sav_llm_select/sav_052955/000/event1_frame4.jpg,2,1,
sav_052955,000,8,2,results/sav_llm_select/sav_052955/000/event2_frame8.jpg,0,1,
