sequence,objects,frames,J,F,J&F,latency_ms,fps,peak_vram_mb
bike-packing,2,69,0.8058289371712232,0.7086006751187652,0.7572148061449941,14352.359218988568,4.807571978041847,815.87109375
blackswan,1,50,0.9574473422183141,0.9186592210803906,0.9380532816493523,5875.998244999209,8.509192466582626,748.66015625
bmx-trees,2,80,0.6623227297946561,0.7556546884945236,0.7089887091445899,15665.059299994027,5.106906936511278,832.94580078125
breakdance,1,84,0.9448870618132432,0.9072612406266509,0.9260741512199471,10198.425025999313,8.236565919331166,774.2099609375
camel,1,90,0.9660924385347281,0.9692579430411965,0.9676751907879624,10739.743974991143,8.380088036509662,778.71875
car-roundabout,1,75,0.9858244494629167,0.9455370495521699,0.9656807495075432,8776.100199989742,8.545937066681129,767.0107421875
car-shadow,1,40,0.974891780104089,0.9463283158985625,0.9606100480013258,4729.968700994505,8.45671557860198,741.1455078125
cows,1,104,0.9499631948530142,0.9083444692911713,0.9291538320720927,12508.333324018167,8.314457034839483,789.2392578125
dance-twirl,1,90,0.9160865599435378,0.8744796809334475,0.8952831204384927,10813.917207997292,8.322608567175054,778.71875
dog,1,60,0.9633118054918508,0.9062079391559091,0.9347598723238799,7127.747770020505,8.417806288314743,756.1748046875
dogs-jump,3,66,0.9353395549054726,0.9309478745228043,0.9331437147141384,17843.730641994625,3.6987780932240257,861.8173828125
drift-chicane,1,52,0.9070774598928,0.8651130516446724,0.8860952557687363,6109.4789920025505,8.511364073445412,750.1630859375
drift-straight,1,50,0.9617650589901059,0.8994661832372387,0.9306156211136722,5903.565122018335,8.469458533372762,748.66015625
goat,1,90,0.9265899774921804,0.8182513409740083,0.8724206592330943,10785.221514001023,8.344752111318709,778.71875
gold-fish,5,78,0.8815905595169691,0.8283441965426794,0.8549673780298243,33449.0172379883,2.3319070765228584,1008.52490234375
horsejump-high,2,50,0.8094870735116015,0.8220556688309598,0.8157713711712806,9455.88727699942,5.287711087844757,787.85791015625
india,3,81,0.835627861081055,0.7317190345301717,0.7836734478056133,22148.729645006824,3.657094618889825,895.63330078125
judo,2,34,0.8629707977489699,0.7844574296922638,0.8237141137206169,6403.098459995817,5.309929280709859,763.81103515625
kite-surf,3,50,0.4954724641790563,0.720693388409072,0.6080829262940641,13464.320941013284,3.7135181357491582,825.7470703125
lab-coat,5,47,0.737544564249005,0.7511395420952002,0.7443420531721026,19573.221325001214,2.4012398991251422,892.22802734375
libby,1,49,0.9097911443939621,0.9377042772790958,0.923747710836529,5791.837981989374,8.46018140569076,747.47265625
loading,3,50,0.9424522073887854,0.9207839033683782,0.9316180553785818,13386.51443098206,3.735102237239504,825.7470703125
mbike-trick,2,79,0.7984867772611597,0.7450673655143359,0.7717770713877479,15568.48440298927,5.074353929071695,830.6953125
motocross-jump,2,40,0.5787808309322555,0.5404236833255218,0.5596022571288887,7823.300616000779,5.112931480376596,772.82861328125
paragliding-launch,3,80,0.44081577318661436,0.5260116745025749,0.48341372384459463,22033.748761023162,3.630793872966223,893.37890625
parkour,1,100,0.9485893331470492,0.9578415657179363,0.9532154494324927,12056.742263986962,8.294114430785857,786.2333984375
pigs,3,79,0.9064864499039537,0.8649385174020708,0.8857124836530123,21949.569204007275,3.599159476240526,891.12451171875
scooter-black,2,43,0.7620048145801035,0.6988502575431198,0.7304275360616117,8219.178385013947,5.231666473914476,776.58984375
shooting,3,40,0.8506486576679595,0.717436909155602,0.7840427834117807,10863.128844008315,3.6821803896823395,804.83984375
soapbox,3,99,0.8885743486890362,0.859582011497888,0.874078180093462,27243.109125003684,3.6339464613140633,936.21240234375
