sequence    ,obj,  J&F,    J,    F
Global score,   , 26.8, 24.1, 29.5
sav_000262  ,001, 70.7, 72.3, 69.1
sav_001877  ,000, 30.8, 30.5, 31.1
sav_001877  ,001, 28.9, 28.2, 29.5
sav_010291  ,000, 84.6, 79.8, 89.4
sav_014613  ,001,  9.4,  3.3, 15.5
sav_014662  ,000, 10.8,  7.2, 14.5
sav_014969  ,002,  1.0,  0.6,  1.4
sav_017083  ,000, 18.2, 17.3, 19.1
sav_018912  ,001, 12.6,  8.5, 16.6
sav_022396  ,000,  5.2,  4.8,  5.5
sav_024098  ,000, 14.5, 11.2, 17.8
sav_024098  ,001, 15.3, 14.5, 16.2
sav_024172  ,000,  6.0,  5.5,  6.4
sav_024930  ,002, 20.7, 19.9, 21.4
sav_029519  ,000, 10.3,  3.2, 17.3
sav_035009  ,001,  8.2,  6.9,  9.6
sav_035221  ,000, 19.2, 15.5, 22.9
sav_035221  ,001, 11.4,  8.4, 14.3
sav_036849  ,000, 31.3, 30.4, 32.2
sav_041629  ,000, 71.3, 63.6, 78.9
sav_043117  ,000, 32.8, 31.7, 33.8
sav_043837  ,000, 20.0, 15.5, 24.5
sav_044945  ,001, 14.5, 13.7, 15.3
sav_045606  ,003, 18.2, 17.3, 19.1
sav_045706  ,000, 95.0, 94.0, 96.0
sav_047467  ,002, 24.2, 22.7, 25.6
sav_049199  ,000, 66.1, 54.9, 77.4
sav_050687  ,000, 12.1, 11.9, 12.3
sav_051039  ,001,  5.9,  3.3,  8.6
sav_052955  ,000, 35.2, 27.3, 43.1
