video,object,frame_idx,event,image_path,scale,box_x0,box_y0,box_x1,box_y1
sav_014969,002,7,1,results/sav_llm_verify/sav_014969/002/event1_frame7.jpg,0.8,,,,
sav_014969,002,8,2,results/sav_llm_verify/sav_014969/002/event2_frame8.jpg,0.8,,,,
sav_014969,002,9,3,results/sav_llm_verify/sav_014969/002/event3_frame9.jpg,0.8,,,,
sav_022396,000,78,1,results/sav_llm_verify/sav_022396/000/event1_frame78.jpg,0.8,,,,
sav_022396,000,80,2,results/sav_llm_verify/sav_022396/000/event2_frame80.jpg,0.8,,,,
sav_022396,000,81,3,results/sav_llm_verify/sav_022396/000/event3_frame81.jpg,0.8,,,,
sav_024172,000,20,1,results/sav_llm_verify/sav_024172/000/event1_frame20.jpg,1.0,265,150,395,460
sav_024172,000,21,2,results/sav_llm_verify/sav_024172/000/event2_frame21.jpg,1.0,270,155,395,450
sav_024172,000,22,3,results/sav_llm_verify/sav_024172/000/event3_frame22.jpg,1.0,275,155,395,455
sav_035009,001,41,1,results/sav_llm_verify/sav_035009/001/event1_frame41.jpg,1.0,,,,
sav_035009,001,42,2,results/sav_llm_verify/sav_035009/001/event2_frame42.jpg,1.0,,,,
sav_035009,001,340,3,results/sav_llm_verify/sav_035009/001/event3_frame340.jpg,1.0,,,,
sav_051039,001,37,1,results/sav_llm_verify/sav_051039/001/event1_frame37.jpg,0.5333333333333333,,,,
sav_051039,001,38,2,results/sav_llm_verify/sav_051039/001/event2_frame38.jpg,0.5333333333333333,,,,
sav_051039,001,39,3,results/sav_llm_verify/sav_051039/001/event3_frame39.jpg,0.5333333333333333,,,,
sav_010291,000,235,1,results/sav_llm_verify/sav_010291/000/event1_frame235.jpg,0.8,188,463,375,738
sav_010291,000,242,2,results/sav_llm_verify/sav_010291/000/event2_frame242.jpg,0.8,188,500,375,763
